method,period,pair,trades,mean_net_bps,t_stat,sharpe_ann,max_dd_pct,total_return_pct,hit_rate_pct,mean_gross_bps,mean_cost_bps
Bollinger,train+val,EURUSD,681,1.1257,1.2513,0.6863,-3.772,7.6657,63.4361,1.8025,0.6769
Bollinger,train+val,GBPUSD,687,-0.3122,-0.245,-0.1329,-10.8781,-2.1448,63.7555,0.6279,0.9401
Bollinger,train+val,AUDUSD,511,2.4768,1.9379,1.043,-3.0816,12.6565,62.4266,3.7002,1.2234
Bollinger,train+val,USDCAD,543,0.1396,0.1837,0.0979,-3.0851,0.7579,61.326,1.0854,0.9459
Bollinger,train+val,USDCHF,542,-1.9633,-1.5147,-0.8403,-11.1798,-10.6412,60.7011,-0.3758,1.5875
Bollinger,train+val,USDJPY,702,-1.9856,-1.5506,-0.8939,-14.5342,-13.9386,58.547,-1.1115,0.874
Bollinger,train+val,POOLED,3666,-0.154,-0.3235,-0.1519,-4.2236,-0.9408,61.7021,0.8606,1.0146
XGBoost,val,EURUSD,101,-0.3217,-0.3066,-0.5733,-1.114,-0.3249,52.4752,0.5685,0.8902
XGBoost,val,GBPUSD,84,-0.6612,-0.4473,-0.8933,-1.9254,-0.5554,50.0,0.5273,1.1885
XGBoost,val,AUDUSD,112,0.8637,0.532,1.0223,-1.2071,0.9673,54.4643,2.269,1.4054
XGBoost,val,USDCAD,103,-1.2847,-1.8231,-3.1828,-1.3635,-1.3233,43.6893,0.1131,1.3978
XGBoost,val,USDCHF,93,-3.8174,-2.9861,-5.9405,-3.6274,-3.5502,36.5591,-1.1318,2.6856
XGBoost,val,USDJPY,99,-0.5014,-0.4793,-0.9556,-1.0001,-0.4964,49.4949,1.018,1.5194
XGBoost,val,POOLED,592,-0.8924,-1.758,-3.3984,-1.0064,-0.8805,47.973,0.6132,1.5056
