config,train_trades,train_mean_net_bps,train_t,selected
A k=2.0,17707,-0.5317,-3.0676,False
A k=2.5,9914,-0.7811,-3.0906,False
B k=2.0,9937,-0.2892,-1.2132,False
B k=2.5,5571,-0.5017,-1.4764,False
C k=2.0 rsi=30/70,6641,-0.4283,-1.2498,False
C k=2.0 rsi=25/75,3188,-1.3833,-2.4838,False
C k=2.5 rsi=30/70,4486,-0.9587,-2.153,False
C k=2.5 rsi=25/75,2137,-2.4055,-3.1718,False
D k=2.0 rsi=30/70,3666,-0.154,-0.3235,True
D k=2.0 rsi=25/75,1727,-0.9753,-1.2466,False
D k=2.5 rsi=30/70,2478,-0.7168,-1.1786,False
D k=2.5 rsi=25/75,1169,-1.9888,-1.8827,False
